{"27O": 0.3058, "24O": 0.31706666666666666, "28O": 0.31706666666666666, "29O": 0.3178, "38O": 0.31853333333333333, "26O": 0.31993333333333335, "49O": 0.3216, "25O": 0.32226666666666665, "39O": 0.32353333333333334, "23O": 0.3244, "37O": 0.3278, "2TO": 0.32886666666666664, "36O": 0.33186666666666664, "48O": 0.33366666666666667, "34O": 0.3337333333333333, "4TO": 0.334, "3TO": 0.33486666666666665, "5TO": 0.33726666666666666, "2JO": 0.3376, "35O": 0.34153333333333336, "47O": 0.3442, "3JO": 0.34446666666666664, "6TO": 0.3484, "59O": 0.34886666666666666, "38S": 0.3502, "46O": 0.35126666666666667, "26S": 0.3518, "5JO": 0.3526, "27S": 0.35286666666666666, "58O": 0.35286666666666666, "6JO": 0.35413333333333336, "23S": 0.3549333333333333, "4JO": 0.35633333333333334, "29S": 0.3576666666666667, "28S": 0.35886666666666667, "69O": 0.35886666666666667, "45O": 0.36, "57O": 0.36146666666666666, "39S": 0.36193333333333333, "2TS": 0.3622666666666667, "37S": 0.3624, "56O": 0.3624, "25S": 0.363, "24S": 0.3638, "49S": 0.3645333333333333, "3QO": 0.3665333333333333, "3TS": 0.36906666666666665, "68O": 0.3701333333333333, "79O": 0.3701333333333333, "48S": 0.3718, "67O": 0.3728666666666667, "7JO": 0.37306666666666666, "36S": 0.3734, "7TO": 0.37393333333333334, "47S": 0.3741333333333333, "2JS": 0.37566666666666665, "35S": 0.37653333333333333, "34S": 0.3774666666666667, "2QO": 0.37753333333333333, "3JS": 0.378, "4TS": 0.3791333333333333, "5TS": 0.382, "59S": 0.3826, "78O": 0.3827333333333333, "4QO": 0.3838666666666667, "5JS": 0.3876, "46S": 0.3892, "58S": 0.38953333333333334, "4JS": 0.39086666666666664, "8TO": 0.39213333333333333, "57S": 0.3924, "89O": 0.3933333333333333, "5QO": 0.3944, "8JO": 0.3950666666666667, "45S": 0.3954, "69S": 0.39553333333333335, "6TS": 0.3958, "68S": 0.3984666666666667, "6JS": 0.3994, "6QO": 0.4014, "56S": 0.40153333333333335, "67S": 0.4033333333333333, "2QS": 0.4050666666666667, "79S": 0.40673333333333334, "9TO": 0.4074, "7TS": 0.411, "7QO": 0.41233333333333333, "7JS": 0.41326666666666667, "78S": 0.4154, "3QS": 0.4162, "4QS": 0.41946666666666665, "8TS": 0.42006666666666664, "9JO": 0.4212, "89S": 0.42493333333333333, "8QO": 0.4258, "7QS": 0.43006666666666665, "6QS": 0.4316, "8JS": 0.4318666666666667, "5QS": 0.43273333333333336, "9TS": 0.4391333333333333, "2KO": 0.44053333333333333, "3KO": 0.4457333333333333, "9QO": 0.44753333333333334, "TJO": 0.4517333333333333, "4KO": 0.4534, "9JS": 0.45566666666666666, "8QS": 0.4622, "5KO": 0.4623333333333333, "6KO": 0.46813333333333335, "2KS": 0.46913333333333335, "TQO": 0.47573333333333334, "3KS": 0.4782666666666667, "TJS": 0.47846666666666665, "7KO": 0.4835333333333333, "22": 0.4838, "9QS": 0.4846666666666667, "4KS": 0.4892666666666667, "5KS": 0.4906, "8KO": 0.4928, "6KS": 0.49646666666666667, "JQO": 0.49906666666666666, "33": 0.5069333333333333, "TQS": 0.5089333333333333, "7KS": 0.5143333333333333, "JQS": 0.5169333333333334, "9KO": 0.5192, "8KS": 0.5242, "44": 0.5352666666666667, "2AO": 0.5390666666666667, "3AO": 0.5396, "6AO": 0.5458666666666666, "9KS": 0.5489333333333334, "TKO": 0.5503333333333333, "55": 0.5522, "4AO": 0.5554666666666667, "5AO": 0.5554666666666667, "2AS": 0.56, "4AS": 0.5609333333333333, "JKO": 0.561, "66": 0.5659333333333333, "7AO": 0.5666666666666667, "3AS": 0.5706, "QKO": 0.5762, "TKS": 0.5796, "6AS": 0.5811333333333333, "8AO": 0.5853333333333334, "5AS": 0.5856666666666667, "9AO": 0.5882666666666667, "77": 0.5886, "7AS": 0.5886666666666667, "JKS": 0.5908, "QKS": 0.5976666666666667, "8AS": 0.6028, "TAO": 0.6108, "9AS": 0.6154666666666667, "88": 0.6203333333333333, "JAO": 0.638, "TAS": 0.6398666666666667, "99": 0.6495333333333333, "JAS": 0.6532, "QAO": 0.6567333333333333, "TT": 0.6778, "QAS": 0.6784, "KAO": 0.6830666666666667, "KAS": 0.702, "JJ": 0.712, "QQ": 0.7394666666666667, "KK": 0.8002, "AA": 0.8638}